url,title,rating,learning_path,topic,level,duration,students_enrolled,description,learning_tools
https://www.dicoding.com/academies/555-belajar-fundamental-analisis-data,Belajar Fundamental Analisis Data,4.83,Data Scientist,Data,Level: Menengah,70 Jam Belajar,,Level: Menengah,Peralatan Belajar | Spesifikasi minimal perangkat: | Prosesor | Intel Dual Core (Rekomendasi Core i3 ke atas) | Tools yang dibutuhkan untuk belajar: | Google Colaboratory
https://www.dicoding.com/academies/565-belajar-toolset-untuk-pengembangan-front-end-web,Belajar Toolset untuk Pengembangan Front-End Web,4.87,,Full Stack,Level: Mahir,65 Jam Belajar,,Level: Mahir,Peralatan Belajar | Spesifikasi minimal perangkat: | Prosesor | Intel Celeron (Rekomendasi Core i3 ke atas) | Tools yang dibutuhkan untuk belajar: | Teks Editor (VSCode)
https://www.dicoding.com/academies/570-belajar-dasar-manajemen-proyek,Belajar Dasar Manajemen Proyek,4.86,,Computer Science,Level: Dasar,11 Jam Belajar,,Level: Dasar,Peralatan Belajar | Spesifikasi minimal perangkat: | Prosesor | Intel Celeron (Rekomendasi Core i3 ke atas)
https://www.dicoding.com/academies/580-belajar-pemrograman-fungsional-dengan-haskell,Belajar Pemrograman Fungsional dengan Haskell,4.92,,Data,Level: Pemula,20 Jam Belajar,,Level: Pemula,Peralatan Belajar | Spesifikasi minimal perangkat: | Prosesor | Intel Dual Core (Rekomendasi Core i3 ke atas) | Tools yang dibutuhkan untuk belajar: | Web Browser (Google Chrome atau Mozilla Firefox)
https://www.dicoding.com/academies/590-belajar-penerapan-data-science,Belajar Penerapan Data Science,4.89,Data Scientist,AI,Level: Mahir,110 Jam Belajar,,+1 lainnya,Peralatan Belajar | Spesifikasi minimal perangkat: | Prosesor | Intel Dual Core (Rekomendasi Core i3 ke atas) | Tools yang dibutuhkan untuk belajar: | Teks Editor (VSCode)
https://www.dicoding.com/academies/600-belajar-dasar-structured-query-language-sql,Belajar Dasar Structured Query Language (SQL),4.87,Data Scientist,Data,Level: Dasar,11 Jam Belajar,,Level: Dasar,Peralatan Belajar | Spesifikasi minimal perangkat: | Prosesor | Intel Dual Core (Rekomendasi Core i3 ke atas) | Tools yang dibutuhkan untuk belajar: | Web Browser (Google Chrome atau Mozilla Firefox)
https://www.dicoding.com/academies/605-memulai-pemrograman-dengan-haskell,Memulai Pemrograman dengan Haskell,4.86,,Data,Level: Dasar,20 Jam Belajar,,Level: Dasar,Peralatan Belajar | Spesifikasi minimal perangkat: | Prosesor | Intel Dual Core (Rekomendasi Core i3 ke atas) | Tools yang dibutuhkan untuk belajar: | Web Browser (Google Chrome atau Mozilla Firefox)
https://www.dicoding.com/academies/610-menjadi-node-js-application-developer,Menjadi Node.js Application Developer,4.83,Back-End JavaScript,Full Stack,Level: Menengah,57 Jam Belajar,,Level: Menengah,Peralatan Belajar | Spesifikasi minimal perangkat: | Prosesor | Intel Dual Core (Rekomendasi Core i3 ke atas) | Tools yang dibutuhkan untuk belajar: | Command Line (Terminal atau cmd)
https://www.dicoding.com/academies/615-belajar-dasar-data-science,Belajar Dasar Data Science,4.84,Data Scientist,Machine Learning,Level: Dasar,11 Jam Belajar,,Level: Dasar,Peralatan Belajar | Spesifikasi minimal perangkat: | Prosesor | Intel Dual Core (Rekomendasi Core i3 ke atas) | Tools yang dibutuhkan untuk belajar: | Web Browser (Google Chrome atau Mozilla Firefox)
https://www.dicoding.com/academies/620-belajar-pemrograman-prosedural-dengan-python,Belajar Pemrograman Prosedural dengan Python,4.85,,Programming Language,Level: Pemula,33 Jam Belajar,,Level: Pemula,Peralatan Belajar | Spesifikasi minimal perangkat: | Prosesor | Intel Dual Core (Rekomendasi Core i3 ke atas) | Tools yang dibutuhkan untuk belajar: | Web Browser (Google Chrome atau Mozilla Firefox)
https://www.dicoding.com/academies/653-belajar-dasar-ai,Belajar Dasar AI,4.86,"AI Engineer ,",AI,Level: Dasar,10 Jam Belajar,,+1 lainnya,Peralatan Belajar | Spesifikasi minimal perangkat: | Prosesor | Intel Celeron (Rekomendasi Core i3 ke atas) | Tools yang dibutuhkan untuk belajar: | Web Browser (Google Chrome atau Mozilla Firefox)
https://www.dicoding.com/academies/658-belajar-penerapan-machine-learning-dengan-google-cloud,Belajar Penerapan Machine Learning dengan Google Cloud,4.85,,Full Stack,Level: Mahir,40 Jam Belajar,,+3 lainnya,Peralatan Belajar | Spesifikasi minimal perangkat: | Prosesor | Intel Celeron (Rekomendasi Core i3 ke atas) | Tools yang dibutuhkan untuk belajar: | Web Browser (Google Chrome atau Mozilla Firefox)
https://www.dicoding.com/academies/663-belajar-penerapan-machine-learning-untuk-android,Belajar Penerapan Machine Learning untuk Android,4.91,,Android,Level: Mahir,60 Jam Belajar,,+1 lainnya,Peralatan Belajar | Spesifikasi minimal perangkat: | Prosesor | Intel Core i3 (Rekomendasi Core i5 ke atas) | Tools yang dibutuhkan untuk belajar: | Android Studio
https://www.dicoding.com/academies/697-belajar-strategi-pengembangan-diri,Belajar Strategi Pengembangan Diri,4.88,,Softskill,Level: Dasar,12 Jam Belajar,,Level: Dasar,Peralatan Belajar | Spesifikasi minimal perangkat: | Prosesor | Intel Dual Core (Rekomendasi Core i3 ke atas).
https://www.dicoding.com/academies/698-dev-certification-for-machine-learning-with-tensorflow-dcml-preparation,Dev Certification for Machine Learning with Tensorflow (DCML) Preparation,,,AI,Level: Kompetensi Sertifikasi,25 Jam Belajar,,+2 lainnya,Peralatan Belajar | Spesifikasi minimal perangkat: | Prosesor | Intel i3 (Recommended: Core i5 or higher) | Tools yang dibutuhkan untuk belajar: | PyCharm IDE
https://www.dicoding.com/academies/703-dev-certification-for-android-dca-preparation,Dev Certification for Android (DCA) Preparation,,,Android,Level: Kompetensi Sertifikasi,40 Jam Belajar,,Level: Kompetensi Sertifikasi,Peralatan Belajar | Spesifikasi minimal perangkat: | Prosesor | Intel Core i3 (Rekomendasi Core i5 ke atas) | Tools yang dibutuhkan untuk belajar: | Android Studio
https://www.dicoding.com/academies/708-belajar-fundamental-pemrosesan-data,Belajar Fundamental Pemrosesan Data,4.91,,AI,Level: Menengah,70 Jam Belajar,,+2 lainnya,Peralatan Belajar | Spesifikasi minimal perangkat: | Prosesor | Intel Celeron (Rekomendasi Core i3 ke atas). | Tools yang dibutuhkan untuk belajar: | PyCharm IDE
https://www.dicoding.com/academies/713-membangun-sistem-machine-learning,Membangun Sistem Machine Learning,4.88,MLOps Engineer,AI,Level: Mahir,90 Jam Belajar,,+1 lainnya,Peralatan Belajar | Spesifikasi minimal perangkat: | Prosesor | Core I3 ke atas | Tools yang dibutuhkan untuk belajar: | Visual Studio Code
https://www.dicoding.com/academies/718-belajar-strategi-perencanaan-karier,Belajar Strategi Perencanaan Karier,4.92,,Softskill,Level: Pemula,20 Jam Belajar,,Level: Pemula,Peralatan Belajar | Spesifikasi minimal perangkat: | Prosesor | Intel Dual Core (Rekomendasi Core i3 ke atas).
https://www.dicoding.com/academies/743-belajar-back-end-pemula-dengan-python,Belajar Back-End Pemula dengan Python,4.82,Back-End Python,Full Stack,Level: Pemula,40 Jam Belajar,,Level: Pemula,Peralatan Belajar | Spesifikasi minimal perangkat: | Prosesor | Intel Dual Core (Rekomendasi Core i3 ke atas) | Tools yang dibutuhkan untuk belajar: | PyCharm IDE
https://www.dicoding.com/academies/753-prompt-engineering-untuk-software-developer,Prompt Engineering untuk Software Developer,4.87,Gen AI Engineer,AI,Level: Dasar,16 Jam Belajar,,Level: Dasar,Peralatan Belajar | Spesifikasi minimal perangkat: | Prosesor | Intel Celeron (Rekomendasi Core i3 ke atas) | Tools yang dibutuhkan untuk belajar: | Web Browser (Google Chrome atau Mozilla Firefox)
https://www.dicoding.com/academies/758-belajar-penerapan-machine-learning-untuk-flutter,Belajar Penerapan Machine Learning untuk Flutter,4.93,,Machine Learning,Level: Mahir,60 Jam Belajar,,Level: Mahir,Peralatan Belajar | Spesifikasi minimal perangkat: | Prosesor | CPU Cores 4 (Rekomendasi CPU Cores 8) | Tools yang dibutuhkan untuk belajar: | Flutter SDK
https://www.dicoding.com/academies/788-belajar-fundamental-back-end-dengan-python,Belajar Fundamental Back-End dengan Python,5.00,Back-End Python,Full Stack,Level: Menengah,65 Jam Belajar,,Level: Menengah,Peralatan Belajar | Spesifikasi minimal perangkat: | Prosesor | Intel Core i3 (Rekomendasi Core i5 ke atas) | Tools yang dibutuhkan untuk belajar: | PyCharm IDE
https://www.dicoding.com/academies/818-membangun-proyek-deep-learning-tingkat-mahir,Membangun Proyek Deep Learning Tingkat Mahir,4.92,AI Engineer,AI,Level: Mahir,90 Jam Belajar,,+3 lainnya,Peralatan Belajar | Spesifikasi minimal perangkat: | Prosesor | Core I3 ke atas | Tools yang dibutuhkan untuk belajar: | PyCharm IDE
https://www.dicoding.com/academies/831-belajar-matematika-untuk-data-science,Belajar Matematika untuk Data Science,4.90,Data Scientist,AI,Level: Menengah,70 Jam Belajar,,+2 lainnya,Peralatan Belajar | Spesifikasi minimal perangkat: | Prosesor | Intel Dual Core (Rekomendasi Core i3 ke atas) | Tools yang dibutuhkan untuk belajar: | Web Browser (Google Chrome atau Mozilla Firefox)
https://www.dicoding.com/academies/862-ai-praktis-untuk-produktivitas,AI Praktis untuk Produktivitas,4.86,,AI,Level: Dasar,20 Jam Belajar,,+2 lainnya,Peralatan Belajar | Spesifikasi minimal perangkat: | Prosesor | Intel Dual Core (Rekomendasi Core i3 ke atas) | Tools yang dibutuhkan untuk belajar: | Web Browser (Google Chrome atau Mozilla Firefox)
https://www.dicoding.com/academies/867-belajar-penggunaan-generative-ai,Belajar Penggunaan Generative AI,4.86,,AI,Level: Dasar,30 Jam Belajar,,+2 lainnya,Peralatan Belajar | Spesifikasi minimal perangkat: | Prosesor | Intel Dual Core (Rekomendasi Core i3 ke atas) | Tools yang dibutuhkan untuk belajar: | Web Browser (Google Chrome atau Mozilla Firefox)
https://www.dicoding.com/academies/881-belajar-pemrograman-rust-untuk-pemula,Belajar Pemrograman Rust untuk Pemula,4.88,,Programming Language,Level: Pemula,40 Jam Belajar,,Level: Pemula,Peralatan Belajar | Spesifikasi minimal perangkat: | Prosesor | Minimal Intel Dual Core (Rekomendasi Core i3 ke atas) | Tools yang dibutuhkan untuk belajar: | Visual Studio Code
https://www.dicoding.com/academies/882-belajar-penerapan-ai-di-aplikasi-web,Belajar Penerapan AI di Aplikasi Web,4.94,,Full Stack,Level: Mahir,50 Jam Belajar,,+2 lainnya,Peralatan Belajar | Spesifikasi minimal perangkat: | Prosesor | Intel Dual Core (Rekomendasi Core i3 ke atas) | Tools yang dibutuhkan untuk belajar: | Teks Editor (VSCode)
https://www.dicoding.com/academies/893-belajar-dasar-cyber-security,Belajar Dasar Cyber Security,4.91,,Cyber Security,Level: Dasar,20 Jam Belajar,,Level: Dasar,Peralatan Belajar | Spesifikasi minimal perangkat: | Prosesor | Intel Celeron (Rekomendasi Core i3 ke atas). | Tools yang dibutuhkan untuk belajar: | Web Browser (Google Chrome atau Mozilla Firefox)
https://www.dicoding.com/academies/896-belajar-fundamental-generative-ai,Belajar Fundamental Generative AI,4.90,Gen AI Engineer,AI,Level: Menengah,60 Jam Belajar,,+2 lainnya,Peralatan Belajar | Spesifikasi minimal perangkat: | Prosesor | Core i3 ke atas. | Tools yang dibutuhkan untuk belajar: | Google Colaboratory
https://www.dicoding.com/academies/899-membangun-aplikasi-gen-ai-dengan-microsoft-azure,Membangun Aplikasi Gen AI dengan Microsoft Azure,4.86,,Generative AI,Level: Menengah,8 Jam Belajar,,Level: Menengah,Peralatan Belajar | Spesifikasi minimal perangkat: | Prosesor | Intel Celeron (Rekomendasi Core i3 ke atas). | Tools yang dibutuhkan untuk belajar: | Web Browser (Google Chrome atau Mozilla Firefox)
https://www.dicoding.com/academies/902-belajar-penerapan-data-science-dengan-microsoft-fabric,Belajar Penerapan Data Science dengan Microsoft Fabric,4.86,,Data Science,Level: Pemula,6 Jam Belajar,,Level: Pemula,Peralatan Belajar | Spesifikasi minimal perangkat: | Prosesor | Intel Celeron (Rekomendasi Core i3 ke atas)
https://www.dicoding.com/academies/906-belajar-analisis-data-untuk-pemula,Belajar Analisis Data untuk Pemula,4.92,,AI,Level: Pemula,30 Jam Belajar,,+2 lainnya,Peralatan Belajar | Spesifikasi minimal perangkat: | Prosesor | Intel Dual Core (Rekomendasi Core i3 ke atas). | Tools yang dibutuhkan untuk belajar: | Web Browser (Google Chrome atau Mozilla Firefox)
https://www.dicoding.com/academies/908-belajar-dasar-pengembangan-aplikasi-mobile,Belajar Dasar Pengembangan Aplikasi Mobile,4.93,"Android ,",Mobile Development,Level: Dasar,16 Jam Belajar,,Level: Dasar,Peralatan Belajar | Spesifikasi minimal perangkat: | Prosesor | Intel Dual Core (Rekomendasi Core i3 ke atas)
https://www.dicoding.com/academies/535-belajar-dasar-desain-ux-bagi-desainer-ui-ux-pemula,Belajar Dasar Desain UX bagi Desainer UI/UX Pemula,4.71,,UI/UX,Level: Dasar,23 Jam Belajar,,Level: Dasar,
https://www.dicoding.com/academies/525-memulai-dasar-pemrograman-bagi-pengembang-perangkat-lunak-pemula,Memulai Dasar Pemrograman Bagi Pengembang Perangkat Lunak Pemula,5.00,,Flutter,Level: Dasar,15 Jam Belajar,,Level: Dasar,
https://www.dicoding.com/academies/515-belajar-dasar-devops-bagi-insinyur-operasi-pengembang-pemula,Belajar Dasar DevOps Bagi Insinyur Operasi Pengembang Pemula,5.00,,Cloud Computing,Level: Dasar,15 Jam Belajar,,Level: Dasar,
https://www.dicoding.com/academies/428-belajar-implementasi-ci-cd,Belajar Implementasi CI/CD,4.86,DevOps Engineer,Full Stack,Level: Menengah,30 Jam Belajar,,+1 lainnya,Peralatan Belajar | Spesifikasi minimal perangkat: | Prosesor | Intel Dual Core (Rekomendasi Core i3 ke atas) | Tools yang dibutuhkan untuk belajar: | Command Line (Terminal atau cmd)
https://www.dicoding.com/academies/423-menjadi-linux-system-administrator,Menjadi Linux System Administrator,4.90,DevOps Engineer,Computer Science,Level: Menengah,25 Jam Belajar,,+1 lainnya,Peralatan Belajar | Spesifikasi minimal perangkat: | Prosesor | Intel Dual Core (Rekomendasi Core i3 ke atas) | Tools yang dibutuhkan untuk belajar: | Windows Subsystem for Linux (WSL) | Untuk pengguna Windows
https://www.dicoding.com/academies/413-belajar-fundamental-aplikasi-web-dengan-react,Belajar Fundamental Aplikasi Web dengan React,4.92,React,Full Stack,Level: Menengah,55 Jam Belajar,,+1 lainnya,Peralatan Belajar | Spesifikasi minimal perangkat: | Prosesor | Intel Dual Core (Rekomendasi Core i3 ke atas) | Tools yang dibutuhkan untuk belajar: | Node.js versi LTS terbaru
https://www.dicoding.com/academies/403-belajar-membuat-aplikasi-web-dengan-react,Belajar Membuat Aplikasi Web dengan React,4.90,React,Full Stack,Level: Pemula,35 Jam Belajar,,+1 lainnya,Peralatan Belajar | Spesifikasi minimal perangkat: | Prosesor | Intel Dual Core (Rekomendasi Core i3 ke atas) | Tools yang dibutuhkan untuk belajar: | Teks Editor (VSCode)
https://www.dicoding.com/academies/387-belajar-jaringan-komputer-untuk-pemula,Belajar Jaringan Komputer untuk Pemula,4.90,DevOps Engineer,Cloud Computing,Level: Pemula,25 Jam Belajar,,+1 lainnya,Peralatan Belajar | Spesifikasi minimal perangkat: | Prosesor | Intel Dual Core (Rekomendasi Core i3 ke atas) | Tools yang dibutuhkan untuk belajar: | Web Browser (Google Chrome atau Mozilla Firefox)
https://www.dicoding.com/academies/382-belajar-dasar-dasar-devops,Belajar Dasar-Dasar DevOps,4.87,DevOps Engineer,Cloud Computing,Level: Dasar,15 Jam Belajar,,+1 lainnya,Peralatan Belajar | Spesifikasi minimal perangkat: | Prosesor | Intel Dual Core (Rekomendasi Core i3 ke atas) | Tools yang dibutuhkan untuk belajar: | Web Browser (Google Chrome atau Mozilla Firefox)
https://www.dicoding.com/academies/352-belajar-pengembangan-aplikasi-android-intermediate,Belajar Pengembangan Aplikasi Android Intermediate,4.84,Android,Android,Level: Mahir,150 Jam Belajar,,Level: Mahir,Peralatan Belajar | Spesifikasi minimal perangkat: | Prosesor | Intel Core i3 (Rekomendasi Core i5 ke atas) | Tools yang dibutuhkan untuk belajar: | Android Studio | Cara instalasi akan diajarkan pada kelas ini.
https://www.dicoding.com/academies/342-belajar-membuat-aplikasi-back-end-untuk-pemula-dengan-google-cloud,Belajar Membuat Aplikasi Back-End untuk Pemula dengan Google Cloud,4.87,Google Cloud Professional,Full Stack,Level: Pemula,45 Jam Belajar,,Level: Pemula,Peralatan Belajar | Spesifikasi minimal perangkat: | Prosesor | Intel Celeron (Rekomendasi Core i3 ke atas) | Tools yang dibutuhkan untuk belajar: | Teks Editor (VSCode)
https://www.dicoding.com/academies/337-belajar-dasar-google-cloud,Belajar Dasar Google Cloud,4.87,"Google Cloud Professional ,",Cloud Computing,Level: Dasar,12 Jam Belajar,,Level: Dasar,Peralatan Belajar | Spesifikasi minimal perangkat: | Prosesor | Intel Core i3 (Rekomendasi Core i5 ke atas) 64-bit | Tools yang dibutuhkan untuk belajar: | Web Browser (Google Chrome atau Mozilla Firefox)
https://www.dicoding.com/academies/335-belajar-dasar-ux-design,Belajar Dasar UX Design,4.89,,UI/UX,Level: Dasar,36 Jam Belajar,,Level: Dasar,Peralatan Belajar | Spesifikasi minimal perangkat: | Prosesor | Intel Dual Core (Rekomendasi Core i3 ke atas)
https://www.dicoding.com/academies/332-menjadi-google-cloud-architect,Menjadi Google Cloud Architect,4.88,"Google Cloud Professional ,",Cloud Computing,Level: Mahir,35 Jam Belajar,,Level: Mahir,Peralatan Belajar | Spesifikasi minimal perangkat: | Prosesor | Intel Celeron (Rekomendasi Core i3 ke atas) | Tools yang dibutuhkan untuk belajar: | Web Browser (Google Chrome atau Mozilla Firefox)
https://www.dicoding.com/academies/480-belajar-pengembangan-aplikasi-flutter-intermediate,Belajar Pengembangan Aplikasi Flutter Intermediate,4.86,Multi-Platform App,Flutter,Level: Mahir,80 Jam Belajar,,Level: Mahir,Peralatan Belajar | Spesifikasi minimal perangkat: | Prosesor | Intel Dual Core (Rekomendasi Core i3 ke atas) | Tools yang dibutuhkan untuk belajar: | Flutter SDK
https://www.dicoding.com/academies/445-belajar-membuat-aplikasi-android-dengan-jetpack-compose,Belajar Membuat Aplikasi Android dengan Jetpack Compose,4.86,,Android,Level: Mahir,50 Jam Belajar,,Level: Mahir,Peralatan Belajar | Spesifikasi minimal perangkat: | Prosesor | Intel Core i3 (Rekomendasi Core i5 ke atas) | Tools yang dibutuhkan untuk belajar: | Android Studio
https://www.dicoding.com/academies/443-machine-learning-operations-mlops,Machine Learning Operations (MLOps),4.72,MLOps Engineer,AI,Level: Mahir,80 Jam Belajar,,+2 lainnya,Peralatan Belajar | Spesifikasi minimal perangkat: | Prosesor | Intel Dual Core (Rekomendasi Core i3 ke atas) | Tools yang dibutuhkan untuk belajar: | Google Colaboratory
https://www.dicoding.com/academies/433-belajar-membangun-arsitektur-microservices,Belajar Membangun Arsitektur Microservices,4.85,DevOps Engineer,Full Stack,Level: Mahir,60 Jam Belajar,,+1 lainnya,Peralatan Belajar | Spesifikasi minimal perangkat: | Prosesor | Intel Core i3 (Rekomendasi Core i5 ke atas) | Tools yang dibutuhkan untuk belajar: | Command Line (Terminal atau cmd)
https://www.dicoding.com/academies/418-menjadi-react-web-developer-expert,Menjadi React Web Developer Expert,4.90,React,Full Stack,Level: Mahir,70 Jam Belajar,,+1 lainnya,Peralatan Belajar | Spesifikasi minimal perangkat: | Prosesor | Intel Dual Core (Rekomendasi Core i3 ke atas) | Tools yang dibutuhkan untuk belajar: | Node.js versi LTS terbaru
https://www.dicoding.com/academies/292-meniti-karier-sebagai-software-developer,Meniti Karier sebagai Software Developer,4.90,,iOS,Level: Dasar,7 Jam Belajar,,+4 lainnya,Peralatan Belajar | Spesifikasi minimal perangkat: | Prosesor | Intel Dual Core (Rekomendasi Core i3 ke atas)
https://www.dicoding.com/academies/302-pengenalan-ke-logika-pemrograman-programming-logic-101,Pengenalan ke Logika Pemrograman (Programming Logic 101),4.91,,Data,Level: Dasar,6 Jam Belajar,,Level: Dasar,Peralatan Belajar | Spesifikasi minimal perangkat: | Prosesor | Intel Dual Core (Rekomendasi Core i3 ke atas)
https://www.dicoding.com/academies/317-belajar-dasar-git-dengan-github,Belajar Dasar Git dengan GitHub,4.89,,Data,Level: Dasar,15 Jam Belajar,,Level: Dasar,Peralatan Belajar | Spesifikasi minimal perangkat: | Prosesor | Intel Celeron (Rekomendasi Core i3 ke atas) | Tools yang dibutuhkan untuk belajar: | Web Browser (Google Chrome atau Mozilla Firefox)
https://www.dicoding.com/academies/120-memulai-pemrograman-dengan-c,Memulai Pemrograman Dengan C,4.84,,Programming Language,Level: Dasar,15 Jam Belajar,,Level: Dasar,Peralatan Belajar | Spesifikasi minimal perangkat: | Prosesor | Intel Dual Core (Rekomendasi Core i3 ke atas) | Tools yang dibutuhkan untuk belajar: | Web Browser (Google Chrome atau Mozilla Firefox)
https://www.dicoding.com/academies/177-belajar-dasar-visualisasi-data,Belajar Dasar Visualisasi Data,4.86,,Data,Level: Dasar,16 Jam Belajar,,Level: Dasar,Peralatan Belajar | Spesifikasi minimal perangkat: | Prosesor | Intel Dual Core (Rekomendasi Core i3 ke atas)
https://www.dicoding.com/academies/86-memulai-pemrograman-dengan-python,Memulai Pemrograman dengan Python,4.82,"Back-End Python ,",Programming Language,Level: Dasar,60 Jam Belajar,,Level: Dasar,"Peralatan Belajar | Spesifikasi minimal perangkat: | Prosesor | Intel Celeron (Rekomendasi Core i3 ke atas) | Tools yang dibutuhkan untuk belajar: | Teks Editor (Notepad++) atau IDE (PyCharm,dll)"
https://www.dicoding.com/academies/184-belajar-machine-learning-untuk-pemula,Belajar Machine Learning untuk Pemula,4.85,"AI Engineer ,",AI,Level: Pemula,90 Jam Belajar,,+2 lainnya,Peralatan Belajar | Spesifikasi minimal perangkat: | Prosesor | Intel Dual Core (Rekomendasi Core i3 ke atas) | Tools yang dibutuhkan untuk belajar: | Google Colaboratory | Cara penggunaan akan diajarkan pada kelas ini.
https://www.dicoding.com/academies/185-belajar-fundamental-deep-learning,Belajar Fundamental Deep Learning,4.87,"AI Engineer ,",AI,Level: Menengah,110 Jam Belajar,,+3 lainnya,Peralatan Belajar | Spesifikasi minimal perangkat: | Prosesor | Intel Dual Core (Rekomendasi Core i3 ke atas) | Tools yang dibutuhkan untuk belajar: | Google Colaboratory | Cara penggunaan akan diajarkan pada kelas ini.
https://www.dicoding.com/academies/319-machine-learning-terapan,Machine Learning Terapan,4.87,AI Engineer,AI,Level: Mahir,80 Jam Belajar,,+1 lainnya,Peralatan Belajar | Spesifikasi minimal perangkat: | Prosesor | Intel Dual Core (Rekomendasi Core i3 ke atas) | Tools yang dibutuhkan untuk belajar: | Google Colaboratory
https://www.dicoding.com/academies/60-memulai-pemrograman-dengan-java,Memulai Pemrograman Dengan Java,4.86,,Android,Level: Dasar,15 Jam Belajar,,Level: Dasar,Peralatan Belajar | Spesifikasi minimal perangkat: | Prosesor | Intel Core i3 (Rekomendasi Core i5 ke atas) | Tools yang dibutuhkan untuk belajar: | Glot.io dan Replit | Cara akses dan menggunakan akan diajarkan di kelas ini.
https://www.dicoding.com/academies/80-memulai-pemrograman-dengan-kotlin,Memulai Pemrograman dengan Kotlin,4.84,Android,Android,Level: Dasar,50 Jam Belajar,,Level: Dasar,Peralatan Belajar | Spesifikasi minimal perangkat: | Prosesor | Intel Core i3 (Rekomendasi Core i5 ke atas) | Tools yang dibutuhkan untuk belajar: | Intellij Idea Community | Cara instalasi akan dijelaskan pada kelas ini.
https://www.dicoding.com/academies/169-belajar-prinsip-pemrograman-solid,Belajar Prinsip Pemrograman SOLID,4.87,"Android ,",iOS,Level: Menengah,15 Jam Belajar,,+2 lainnya,"Peralatan Belajar | Spesifikasi minimal perangkat: | Prosesor | Intel Dual Core (Rekomendasi Core i3 ke atas) | Tools yang dibutuhkan untuk belajar: | Teks Editor (Notepad++) atau IDE (PyCharm,dll)"
https://www.dicoding.com/academies/51-belajar-membuat-aplikasi-android-untuk-pemula,Belajar Membuat Aplikasi Android untuk Pemula,4.87,Android,Android,Level: Pemula,60 Jam Belajar,,Level: Pemula,Peralatan Belajar | Spesifikasi minimal perangkat: | Prosesor | Intel Core i3 (Rekomendasi Core i5 ke atas) | Tools yang dibutuhkan untuk belajar: | Android Studio | Cara instalasi akan diajarkan pada kelas ini.
https://www.dicoding.com/academies/14-belajar-fundamental-aplikasi-android,Belajar Fundamental Aplikasi Android,4.84,Android,Android,Level: Menengah,140 Jam Belajar,,Level: Menengah,Peralatan Belajar | Spesifikasi minimal perangkat: | Prosesor | Intel Core i3 (Rekomendasi Core i5 ke atas) | Tools yang dibutuhkan untuk belajar: | Android Studio
https://www.dicoding.com/academies/165-menjadi-android-developer-expert,Menjadi Android Developer Expert,4.80,Android,Android,Level: Profesional,90 Jam Belajar,,Level: Profesional,Peralatan Belajar | Spesifikasi minimal perangkat: | Prosesor | Intel Core i3 (Rekomendasi Core i5 ke atas) | Tools yang dibutuhkan untuk belajar: | Android Studio
https://www.dicoding.com/academies/145-memulai-pemrograman-dengan-swift,Memulai Pemrograman Dengan Swift,4.84,iOS,iOS,Level: Dasar,40 Jam Belajar,,Level: Dasar,Peralatan Belajar | Spesifikasi minimal perangkat: | Prosesor | Intel Dual Core (Rekomendasi Core i3 ke atas) | Tools yang dibutuhkan untuk belajar: | Xcode | Cara install dan menggunakan akan diajarkan di kelas ini. (macOS)
https://www.dicoding.com/academies/171-belajar-membuat-aplikasi-ios-untuk-pemula,Belajar Membuat Aplikasi iOS untuk Pemula,4.82,iOS,iOS,Level: Pemula,40 Jam Belajar,,Level: Pemula,Peralatan Belajar | Spesifikasi minimal perangkat: | Prosesor | Intel Core i3 (Rekomendasi Core i5 ke atas) | Tools yang dibutuhkan untuk belajar: | Xcode | Cara install dan menggunakan akan diajarkan di kelas ini.
https://www.dicoding.com/academies/202-belajar-fundamental-aplikasi-ios,Belajar Fundamental Aplikasi iOS,4.82,iOS,iOS,Level: Menengah,70 Jam Belajar,,Level: Menengah,Peralatan Belajar | Spesifikasi minimal perangkat: | Prosesor | Intel Core i3 (Rekomendasi Core i5 ke atas). | Tools yang dibutuhkan untuk belajar: | Xcode | Minimal Xcode 12 (Rekomendasi Xcode 13 atau terbaru).
https://www.dicoding.com/academies/209-menjadi-ios-developer-expert,Menjadi iOS Developer Expert,4.83,iOS,iOS,Level: Mahir,70 Jam Belajar,,Level: Mahir,Peralatan Belajar | Spesifikasi minimal perangkat: | Prosesor | Apple Silicon M1 (Rekomendasi M4) | Tools yang dibutuhkan untuk belajar: | Xcode | Minimal Xcode 11 (Rekomendasi Xcode 12 atau terbaru).
https://www.dicoding.com/academies/123-belajar-dasar-pemrograman-web,Belajar Dasar Pemrograman Web,4.87,"Front-End Web ,",Full Stack,Level: Dasar,45 Jam Belajar,,Level: Dasar,Peralatan Belajar | Spesifikasi minimal perangkat: | Prosesor | Intel Celeron (Rekomendasi Core i3 ke atas) | Tools yang dibutuhkan untuk belajar: | Web Browser (Google Chrome atau Mozilla Firefox)
https://www.dicoding.com/academies/315-belajar-membuat-front-end-web-untuk-pemula,Belajar Membuat Front-End Web untuk Pemula,4.88,"React ,",Full Stack,Level: Pemula,45 Jam Belajar,,Level: Pemula,"Peralatan Belajar | Spesifikasi minimal perangkat: | Prosesor | Intel Celeron (Rekomendasi Core i3 ke atas) | Tools yang dibutuhkan untuk belajar: | Teks Editor (VSCode, Atom, atau Emacs)"
https://www.dicoding.com/academies/163-belajar-fundamental-front-end-web-development,Belajar Fundamental Front-End Web Development,4.89,Front-End Web,Full Stack,Level: Menengah,80 Jam Belajar,,Level: Menengah,"Peralatan Belajar | Spesifikasi minimal perangkat: | Prosesor | Intel Celeron (Rekomendasi Core i3 ke atas) | Tools yang dibutuhkan untuk belajar: | Teks Editor (VSCode, Atom, atau Emacs)"
https://www.dicoding.com/academies/219-belajar-pengembangan-web-intermediate,Belajar Pengembangan Web Intermediate,4.89,Front-End Web,Full Stack,Level: Mahir,80 Jam Belajar,,Level: Mahir,"Peralatan Belajar | Spesifikasi minimal perangkat: | Prosesor | Intel Dual Core (Rekomendasi Core i3 ke atas) | Tools yang dibutuhkan untuk belajar: | Teks Editor (VSCode, Atom, atau Emacs)"
https://www.dicoding.com/academies/251-belajar-dasar-cloud-dan-gen-ai-di-aws,Belajar Dasar Cloud dan Gen AI di AWS,4.82,Back-End JavaScript,Cloud Computing,Level: Dasar,18 Jam Belajar,,Level: Dasar,Peralatan Belajar | Spesifikasi minimal perangkat: | Prosesor | Intel Celeron (Rekomendasi Core i3 ke atas) | Tools yang dibutuhkan untuk belajar: | Web Browser (Google Chrome atau Mozilla Firefox)
https://www.dicoding.com/academies/256-belajar-dasar-pemrograman-javascript,Belajar Dasar Pemrograman JavaScript,4.86,"Google Cloud Professional ,",Programming Language,Level: Dasar,46 Jam Belajar,,Level: Dasar,Peralatan Belajar | Spesifikasi minimal perangkat: | Prosesor | Intel Celeron (Rekomendasi Core i3 ke atas) | Tools yang dibutuhkan untuk belajar: | Visual Studio Code
https://www.dicoding.com/academies/261-belajar-back-end-pemula-dengan-javascript,Belajar Back-End Pemula dengan JavaScript,4.90,Back-End JavaScript,Full Stack,Level: Pemula,50 Jam Belajar,,Level: Pemula,"Peralatan Belajar | Spesifikasi minimal perangkat: | Prosesor | Intel Celeron (Rekomendasi Core i3 ke atas) | Tools yang dibutuhkan untuk belajar: | Teks Editor (VSCode, Atom, atau Emacs)"
https://www.dicoding.com/academies/266-architecting-on-aws-membangun-arsitektur-cloud-di-aws,Architecting on AWS (Membangun Arsitektur Cloud di AWS),4.84,Back-End JavaScript,Cloud Computing,Level: Menengah,40 Jam Belajar,,Level: Menengah,Peralatan Belajar | Spesifikasi minimal perangkat: | Prosesor | Intel Celeron (Rekomendasi Core i3 ke atas) | Tools yang dibutuhkan untuk belajar: | Web Browser (Google Chrome atau Mozilla Firefox)
https://www.dicoding.com/academies/271-belajar-fundamental-back-end-dengan-javascript,Belajar Fundamental Back-End dengan JavaScript,4.89,Back-End JavaScript,Full Stack,Level: Menengah,90 Jam Belajar,,Level: Menengah,Peralatan Belajar | Spesifikasi minimal perangkat: | Prosesor | Intel Core i3 (Rekomendasi Core i5 ke atas) 64-bit | Tools yang dibutuhkan untuk belajar: | Teks Editor (VSCode)
https://www.dicoding.com/academies/276-menjadi-back-end-developer-expert-dengan-javascript,Menjadi Back-End Developer Expert dengan JavaScript,4.88,Back-End JavaScript,Full Stack,Level: Mahir,82 Jam Belajar,,Level: Mahir,Peralatan Belajar | Spesifikasi minimal perangkat: | Prosesor | Intel Core i3 (Rekomendasi Core i5 ke atas) 64-bit | Tools yang dibutuhkan untuk belajar: | Teks Editor (VSCode)
https://www.dicoding.com/academies/307-devops-praktis-dengan-ibm-cloud-practical-devops-with-ibm-cloud,DevOps Praktis dengan IBM Cloud (Practical DevOps with IBM Cloud),4.89,,Cloud Computing,Level: Menengah - Mahir,35 Jam Belajar,,Level: Menengah - Mahir,
https://www.dicoding.com/academies/133-menjadi-google-cloud-engineer,Menjadi Google Cloud Engineer,4.87,"Google Cloud Professional ,",Full Stack,Level: Menengah,42 Jam Belajar,,Level: Menengah,Peralatan Belajar | Spesifikasi minimal perangkat: | Prosesor | Intel Celeron (Rekomendasi Core i3 ke atas) | Tools yang dibutuhkan untuk belajar: | Web Browser (Google Chrome atau Mozilla Firefox)
https://www.dicoding.com/academies/281-simulasi-ujian-associate-cloud-engineer,Simulasi Ujian Associate Cloud Engineer,,,Cloud Computing,Level: Kompetensi Sertifikasi,25 Jam Belajar,,Level: Kompetensi Sertifikasi,Peralatan Belajar | Spesifikasi minimal perangkat: | Prosesor | Intel Dual Core (Rekomendasi Core i3 ke atas) | Tools yang dibutuhkan untuk belajar: | Web Browser (Google Chrome atau Mozilla Firefox)
https://www.dicoding.com/academies/191-memulai-pemrograman-dengan-dart,Memulai Pemrograman dengan Dart,4.84,Multi-Platform App,Flutter,Level: Dasar,30 Jam Belajar,,Level: Dasar,Peralatan Belajar | Spesifikasi minimal perangkat: | Prosesor | Intel Dual Core (Rekomendasi Core i3 ke atas) | Tools yang dibutuhkan untuk belajar: | Dart SDK dan IntelliJ IDEA | Cara install dan menggunakan akan diajarkan di kelas ini.
https://www.dicoding.com/academies/159-belajar-membuat-aplikasi-flutter-untuk-pemula,Belajar Membuat Aplikasi Flutter untuk Pemula,4.88,Multi-Platform App,Flutter,Level: Pemula,40 Jam Belajar,,Level: Pemula,Peralatan Belajar | Spesifikasi minimal perangkat: | Prosesor | Intel Dual Core (Rekomendasi Core i3 ke atas) | Tools yang dibutuhkan untuk belajar: | Flutter SDK | Cara install dan menggunakan akan diajarkan di kelas ini.
https://www.dicoding.com/academies/195-belajar-fundamental-aplikasi-flutter,Belajar Fundamental Aplikasi Flutter,4.85,Multi-Platform App,Flutter,Level: Menengah,90 Jam Belajar,,Level: Menengah,Peralatan Belajar | Spesifikasi minimal perangkat: | Prosesor | Intel Dual Core (Rekomendasi Core i3 ke atas) | Tools yang dibutuhkan untuk belajar: | Flutter SDK
https://www.dicoding.com/academies/199-menjadi-flutter-developer-expert,Menjadi Flutter Developer Expert,4.85,Multi-Platform App,Flutter,Level: Profesional,85 Jam Belajar,,Level: Profesional,Peralatan Belajar | Spesifikasi minimal perangkat: | Prosesor | Intel Dual Core (Rekomendasi Core i3 ke atas) | Tools yang dibutuhkan untuk belajar: | Flutter SDK
https://www.dicoding.com/academies/237-memulai-dasar-pemrograman-untuk-menjadi-pengembang-software,Memulai Dasar Pemrograman untuk Menjadi Pengembang Software,4.88,,Data,Level: Dasar,9 Jam Belajar,,Level: Dasar,Peralatan Belajar | Spesifikasi minimal perangkat: | Prosesor | Intel Dual Core (Rekomendasi Core i3 ke atas) | Tools yang dibutuhkan untuk belajar: | Visual Studio Code | Cara instalasi dan menggunakan Visual Studio Code diajarkan di kelas ini.
https://www.dicoding.com/academies/68-belajar-membuat-aplikasi-kognitif,Belajar Membuat Aplikasi Kognitif,4.85,,Cloud Computing,Level: Pemula,15 Jam Belajar,,Level: Pemula,
