url,title,rating,duration
https://www.udemy.com/course/website-backlinks-with-google-advance-search/,SEO Website Backlinks with Google Advance Search,4.5,
https://www.udemy.com/course/what-is-linkedin-how-to-use-linkedin/,What Is Linkedin | How To Use LinkedIn,4.4,
https://www.udemy.com/course/influencer-marketing-for-business/,Instagram Influencer Marketing For Businesses,4.2,2 hours on-demand video
https://www.udemy.com/course/how-to-get-10-new-customers-in-the-next-30-days/,Effective Small Business Marketing,4.6,1.5 hours on-demand video
https://www.udemy.com/course/what-is-seo/,What Is SEO? Learn SEO Basics & Optimize Your Website,4.4,2.5 hours on-demand video
https://www.udemy.com/course/free-affiliate-marketing-course-for-beginners/,FREE Affiliate Marketing Course for Beginners,4.3,2.5 hours on-demand video
https://www.udemy.com/course/customer-centricity/,Customer Centricity,4.5,
https://www.udemy.com/course/seo-driven-content-marketing/,SEO Driven Content Marketing For Entrepreneurs & Startups,4.2,1.5 hours on-demand video
https://www.udemy.com/course/building-a-facebook-messenger-chat-bot-in-chatfuel/,Building a Facebook Chatbot in Chatfuel,4.5,3 hours on-demand video
https://www.udemy.com/course/advertising/,Mastering With Google+Facebook Ads From Beginner To Pro 2022,4.3,2 hours on-demand video
https://www.udemy.com/course/basic-digital-marketing-certification/,FREE Digital Marketing Internship Orientation,3.9,2 hours on-demand video
https://www.udemy.com/course/how-to-build-your-social-media-marketing-strategy/,How To Build Your Social Media Marketing Strategy,4.4,
https://www.udemy.com/course/how-to-start-a-blog-challenge/,How to Start a Blog - 7 Day WordPress Blog Challenge,4.4,1.5 hours on-demand video
https://www.udemy.com/course/facebook-ads-marketing2/,Create Better Facebook Ads,4.4,
https://www.udemy.com/course/marketing-for-startups-and-small-businesses/,Marketing for Startups and Small Businesses,4.4,
https://www.udemy.com/course/free-business-facebook-advertising/,Facebook Free Business Advertising with Facebook videos 2017,4.2,
https://www.udemy.com/course/mailchimp-starter-course/,Mailchimp for Beginners (2025),4.5,
https://www.udemy.com/course/seo-for-local-service-based-businesses/,SEO For Local Service Businesses,4.2,
https://www.udemy.com/course/instagram-small-business-startup-marketing-foundation/,Instagram Small Business & Startup Marketing Foundation,4.1,
https://www.udemy.com/course/challenge/,30 Day Blog Transformation Challenge,4.2,3 hours on-demand video
https://www.udemy.com/course/marketing-on-linkedin/,Marketing on LinkedIn,3.8,
https://www.udemy.com/course/understanding-hashtags-in-social-media/,Understanding Hashtags in Social Media,4.4,
https://www.udemy.com/course/pinterest-marketing-in-2019-skyrocket-your-reach-and-traffic/,Pinterest Marketing: Accelerate Your Growth,4.3,
https://www.udemy.com/course/get_set-up_and_selling/,Facebook Marketing - Get Setup and Selling!,4.5,
https://www.udemy.com/course/free-basic-digital-marketing-course/,Free Basic Digital Marketing Course,4.2,3.5 hours on-demand video
https://www.udemy.com/course/instagram-marketing-101/,Instagram Masterclass: Instagram Marketing 2025,4.3,
https://www.udemy.com/course/lkr-social-media-selling-system/,Social Media Selling System,4.2,1.5 hours on-demand video
https://www.udemy.com/course/etsy-seo-boot-camp-your-first-1100-sales-blueprint/,Etsy 2022 SEO Boot Camp: Your First 1100 Sales Blueprint,4.6,2 hours on-demand video
https://www.udemy.com/course/smstudy-analyze-market-opportunity/,Analyze Market Opportunity,4.4,1.5 hours on-demand video
https://www.udemy.com/course/infographicscontent/,Infographics For Content Promotion,3.9,
https://www.udemy.com/course/google-analytics-4-overview/,Google Analytics 4 Overview in One Hour,4.4,
https://www.udemy.com/course/design-facebook-ads-images-and-videos-like-a-pro/,Design Facebook Ads images and videos like a PRO,4,
https://www.udemy.com/course/social-media-marketing-agency-digital-marketing/,Start a Successful Social Media Marketing Agency from Home,4.3,
https://www.udemy.com/course/learn-beginner-local-seo/,Beginner Local SEO | The Foundations of What Google Wants,4.5,
https://www.udemy.com/course/smstudy-corporate-sales-basics/,SMstudy®Corporate Sales Associate Certification Course,4.6,2 hours on-demand video
https://www.udemy.com/course/google-adwords-for-small-business-secrets-of-an-agency-pro/,Google Ads for Small Business: Secrets of an Agency Pro,4.6,6 hours on-demand video
https://www.udemy.com/course/introduction-to-facebook-for-businesses-and-organizations/,Introduction to Facebook Pages for Businesses and Orgs,4.3,4 hours on-demand video
https://www.udemy.com/course/free-digital-marketing-course/,Free Digital Marketing Mastery Course,4.3,2 hours on-demand video
https://www.udemy.com/course/copywriting-basics/,Effective Copywriting Basics for Entrepreneuers,4.3,
https://www.udemy.com/course/facebook-live-marketing-strategy-101/,Facebook Live Marketing Strategy 101,4.4,
https://www.udemy.com/course/digital-marketing-social-media-strategy-key-metrices/,Digital Marketing & Social Media Strategy Free Course 2026,4.4,1.5 hours on-demand video
https://www.udemy.com/course/learn-seo-for-wordpress-websites/,Learn SEO For Wordpress Websites,4.2,2 hours on-demand video
https://www.udemy.com/course/free-seo-training/,Free SEO Training Course,4.5,2 hours on-demand video
https://www.udemy.com/course/crush-it-on-facebook/,Facebook Marketing - How to CRUSH it on Facebook,4.5,3.5 hours on-demand video
https://www.udemy.com/course/smstudy-marketing-strategy-basics/,SMstudy® Marketing Strategy Associate certification course,4.5,2.5 hours on-demand video
https://www.udemy.com/course/copywritingquickstart/,Copywriting Quick Start: Top FREE Writing Tools & Hacks,4.4,
https://www.udemy.com/course/productmgt/,Fundamental Steps of Product Management,4.4,
https://www.udemy.com/course/pro-clickbank-affiliate-without-website-and-email-list/,Pro Clickbank Affiliate Without Website and Email List,4.3,
https://www.udemy.com/course/professional-course-1/,A Comprehensive Course of FaceBook Marketing and promotions,3.7,2 hours on-demand video
https://www.udemy.com/course/youtube-seo-course-to-rank-on-first-page-unlimited-views/,Youtube SEO Course To Rank On First Page : Views & Rank Hack,4,1.5 hours on-demand video
https://www.udemy.com/course/how-to-use-tiktok-for-business/,How To Use TIKTOK For Business (Beginner to Advanced),4.4,2 hours on-demand video
https://www.udemy.com/course/getting-started-with-google-analytics/,Getting Started with Google Analytics,4.1,1.5 hours on-demand video
https://www.udemy.com/course/how-your-hotel-can-rank-higher-on-tripadvisor-in-90-days/,How your hotel can rank higher on TripAdvisor in 90 Days,4.6,
https://www.udemy.com/course/music-marketing-101/,Music Marketing Demystified,4.3,
https://www.udemy.com/course/how-to-build-sales-funnels-with-clickfunnels/,How To Build Sales Funnels With ClickFunnels,4.1,1.5 hours on-demand video
https://www.udemy.com/course/instagram-for-startups-and-entrepreneurs/,Instagram Marketing for Startups and Entrepreneurs,3.9,
https://www.udemy.com/course/how-to-automate-your-social-media/,How To Automate Your Business Social Media!,4.4,
https://www.udemy.com/course/learn-seo-2017/,Free SEO Training For Beginners,4.7,2 hours on-demand video
https://www.udemy.com/course/fundamentals-of-marketing/,Fundamentals of Marketing,4.1,
https://www.udemy.com/course/google-analytics-course-beginner-website-business-marketing-report/,Google Analytics Course Zero To Hero,4.4,2 hours on-demand video
https://www.udemy.com/course/grow-your-business-with-facebook-marketing/,Grow Your Business With Facebook Marketing,4.2,
https://www.udemy.com/course/the-ultimate-blender-course/,The Ultimate Blender Course from Beginner to Pro & Get Paid,4.6,47 hours on-demand video
https://www.udemy.com/course/learn-advanced-seo-from-scratch/,"Learn Advanced SEO From Scratch,Complete SEO Training Course",4.3,10.5 hours on-demand video
https://www.udemy.com/course/whatsapp-targeted-marketing/,Free WhatsApp API Masterclass: 60 Min Crash Course,3.8,
https://www.udemy.com/course/youtube-seo-best-practices/,YouTube SEO: Ranking Your Videos #1,4.3,
https://www.udemy.com/course/smstudy-digital-marketing-basics/,SMstudy® Digital Marketing Associate certification Course,4.5,2.5 hours on-demand video
https://www.udemy.com/course/marketo-foundation-training-series-by-showmeleads/,Marketo Foundation Training Series by ShowMeLeads,4.2,2 hours on-demand video
https://www.udemy.com/course/seo-for-beginners-by-yoast/,SEO for Beginners by Yoast,4.5,
https://www.udemy.com/course/learn-copywriting-free-for-beginners/,Learn Copywriting in 2022: Copywriting for Beginners,3.8,1.5 hours on-demand video
https://www.udemy.com/course/basics-of-email-marketing/,Basics of Email Marketing,3.8,
https://www.udemy.com/course/webcam-video-course/,"Webcam Videography: Better Videos, Webinars, Livestreams",4.5,
https://www.udemy.com/course/the-facebook-ads-course/,Facebook Ads Course. Learnings from 150M Profitable ad spend,4.3,
https://www.udemy.com/course/affiliate-marketing-for-beginners-wix/,Affiliate Marketing For Beginners [WIX Website],4.6,1.5 hours on-demand video
https://www.udemy.com/course/how-to-market-your-website-on-the-internet/,Internet Marketing Course - An Intro to Website Marketing,4.3,4 hours on-demand video
https://www.udemy.com/course/facebook-ads-shopify-beginners/,Facebook Ads For Shopify - Step-By-Step Setup For Beginners,4.5,
https://www.udemy.com/course/copywriting-2024/,"Introduction into Copywriting, Content Writing & Persuasion",4.4,2 hours on-demand video
https://www.udemy.com/course/growth-hacking-for-small-business-owners/,Growth Hacking: Free Tools For Small Business Owners,4.3,
https://www.udemy.com/course/make-your-app-business-a-success-with-app-store-optimization/,Free App Store Optimization Course (ASO) by Mobile Action,4.4,1.5 hours on-demand video
https://www.udemy.com/course/how-to-write-an-engaging-blog-post/,How to Write an Engaging Blog Post,3.9,
https://www.udemy.com/course/introduction-salesforce-marketing-cloud-email-studio/,Introduction - Salesforce Marketing Cloud (Email Studio),4.2,
https://www.udemy.com/course/marketing-on-twitter/,Marketing on Twitter,4,
https://www.udemy.com/course/youtube-marketing-made-easy/,YouTube Marketing: Video Marketing Made Easy,3.9,
https://www.udemy.com/course/write-blog-posts-earn-real-passive-income/,Learn to Write Blog Posts That Earn Real Passive Income,4.4,3 hours on-demand video
https://www.udemy.com/course/app-store-optimization-aso-sensortower-mobile-seo-app-ranking/,Mobile App Marketing at No Cost - Growth Hacking Approach,4.1,
https://www.udemy.com/course/facebook-for-business-schwartzman/,Facebook Training for Business,4.3,2 hours on-demand video
https://www.udemy.com/course/youtube-tips-grow-your-youtube-channel-with-free-resources/,YouTube Tips - Grow Your YouTube Channel with Free Resources,3.8,
https://www.udemy.com/course/empirethoughts-digital-leads-generator/,Digital Marketing Leads Generator,4.4,1.5 hours on-demand video
https://www.udemy.com/course/instagram-marketing-masterclass-instagram-marketing-2024/,Instagram Marketing Masterclass: Instagram Marketing,4.3,
https://www.udemy.com/course/youtube-101/,YouTube 101: Keys to a Successful Channel,4.1,1.5 hours on-demand video
https://www.udemy.com/course/smstudy-understand-and-evaluate-digital-marketing-channels/,Understand and Evaluate Digital Marketing Channels,4.3,1.5 hours on-demand video
https://www.udemy.com/course/free-digital-marketing-basics-course/,Free Digital Marketing Basics Course,4.4,6 hours on-demand video
https://www.udemy.com/course/media-monitoring-social-listening-online-reputation-management-guide/,Media Monitoring: Guide to Online Reputation Management,4.5,
https://www.udemy.com/course/whiteboard-seo/,SEO Training Course by Moz,4.6,3.5 hours on-demand video
https://www.udemy.com/course/marketing-on-instagram/,Marketing on Instagram,4,
https://www.udemy.com/course/seo-link-building-basics/,SEO Link Building Basics,4.5,
https://www.udemy.com/course/free-affiliate-marketing-training-for-beginners/,FREE Affiliate Marketing Course for Beginners - Easy As 123,4.6,2 hours on-demand video
https://www.udemy.com/course/free-ugc-course/,Free UGC Course: How to start Making Money,4.5,
https://www.udemy.com/course/how-to-achieve-a-complete-all-star-linkedin-profile/,How to achieve a complete 'All Star' LinkedIn Profile,4.1,
https://www.udemy.com/course/youtube-for-begginers-beginner-how-to-set-up-youtube/,Youtube For Begginers -Beginner How To Set Up Youtube,4.3,
https://www.udemy.com/course/youtube-automation-ai-tools-beginners/,Youtube Automation with A.I tools for Beginners,4.1,
https://www.udemy.com/course/content-copywriting-101-how-to-quickly-profit-from-both/,Content & Copywriting 101 - How to Quickly Profit from Both!,4.1,
https://www.udemy.com/course/best-small-business-marketing/,"Free Digital Marketing, SEO, Wordpress Advance Master Course",4.4,5 hours on-demand video
https://www.udemy.com/course/instagramgrowthcourse/,"How to get 50,000 Authentic Followers on Instagram",3.8,
https://www.udemy.com/course/ppc-101-an-introduction-to-pay-per-click-advertising/,PPC 101: Intro to Google & Facebook Direct Response Ads,4.1,
https://www.udemy.com/course/email-marketing-made-easy-for-beginners/,Email Marketing Made Easy For Beginners,4.3,
https://www.udemy.com/course/facebook-ads-for-ecommerce-dropshipping/,FREE Course: Facebook Ads For Ecommerce & Dropshipping 2022!,4.4,2 hours on-demand video
https://www.udemy.com/course/b2b-content-marketing-training/,Content Marketing for B2B Enterprises,4.2,
https://www.udemy.com/course/free-seo-mini-course/,SEO Made Simple: Free SEO Mini Course for Beginners,4.6,
https://www.udemy.com/course/hashtag-traffic-generation-hashtag-marketing/,Hashtag Traffic Generation - Hashtag Marketing,4.2,2 hours on-demand video
https://www.udemy.com/course/corporate-social-responsibility-and-ethics/,Social Responsibility and Ethics,4.3,2.5 hours on-demand video
https://www.udemy.com/course/youtube-video-marketing-in-12-steps/,Create A Low Budget YouTube Marketing Video In 12 Easy Steps,4.2,
https://www.udemy.com/course/write-what-ranks/,Learn to Write What Ranks (SEO Blogging),4.5,1.5 hours on-demand video
https://www.udemy.com/course/digital-marketing-strategy-course-wordpress-seo-instagram-facebook/,Mega Digital Marketing Course A-Z: 32 Courses in 1 + Updates,4.6,81.5 hours on-demand video
https://www.udemy.com/course/digital-marketing-101-complete-digital-marketing-course/,Digital Marketing Essentials Masterclass,4.5,
https://www.udemy.com/course/online-facebook-ads-course-training-for-beginners/,Online Facebook Ads Course & Training for Beginners,4.4,
https://www.udemy.com/course/the-ultimate-google-adwords-training-course/,Ultimate 2026 Google Ads Training: Profit with Pay Per Click,4.6,35.5 hours on-demand video
https://www.udemy.com/course/lucrative-loyalty-creator-economy-sustainable-growth/,Lucrative Loyalty: Creator Economy & Sustainable Growth,5,2 hours on-demand video
https://www.udemy.com/course/marketing-101-principles/,Marketing 101: The Principles of Marketing,4.4,
https://www.udemy.com/course/saas-marketing-masterclass-become-a-top-saas-marketer/,SaaS Marketing Masterclass - Become a Top SaaS Marketer,4.4,1.5 hours on-demand video
https://www.udemy.com/course/seo-your-resume-bypass-hr-with-keyword-optimization/,SEO Your Resume: Bypass HR with Keyword Optimization,4.4,
https://www.udemy.com/course/smstudy-marketing-research-associate-certification-course/,SMstudy® Marketing Research Associate Certification Course,4.6,3 hours on-demand video
https://www.udemy.com/course/facebook-marketing-easiest-ways-to-monetize-facebook-group/,Facebook Marketing : Easiest Ways to Utilize Facebook Groups,4.1,
https://www.udemy.com/course/social-media-marketing-how-to-make-engaging-content-fast/,Social Media Marketing - How to Make Engaging Content FAST,4,
https://www.udemy.com/course/sports-communications-and-public-relations/,Sports Communications and Public Relations,4.6,
https://www.udemy.com/course/off-market-land-deals/,Off Market Land Deals,4.8,
https://www.udemy.com/course/create-a-streamlined-social-media-content-creation-strategy/,Create A Streamlined Social Media Content Creation Strategy,4.6,
https://www.udemy.com/course/getresponse-landing-page-conversion-optimization/,GetResponse Landing Page & Conversion Optimization,4.5,
https://www.udemy.com/course/the-complete-mailchimp-email-marketing-course-for-beginners/,The Complete MailChimp Email Marketing Course For Beginners,4.6,2.5 hours on-demand video
https://www.udemy.com/course/digital-marketing-tactics-cro/,Digital Marketing: 100 Tactics for More Clicks and Sales,4.9,2 hours on-demand video
https://www.udemy.com/course/social-media-marketing-plan/,Advanced Social Media Marketing for Picking Up Clients,4.2,
https://www.udemy.com/course/digital-media-and-marketing/,Digital Media and Marketing,4.3,2 hours on-demand video
https://www.udemy.com/course/how-to-create-a-complete-marketing-campaign-in-under-1-hour/,How to Create a Complete Marketing Campaign in Under 1 Hour,4.1,
https://www.udemy.com/course/wordpress-for-beginners-create-a-beautiful-website-or-blog/,1 Hour Wordpress – Create a Beautiful Website or Blog,4.4,
https://www.udemy.com/course/how-to-earn-money-from-home-write-articles-for-money/,How To Make a Living Writing Articles - Make Money Online,3.9,2 hours on-demand video
https://www.udemy.com/course/digital-marketing-2023/,Complete Introduction into Digital Marketing for Beginners,4.4,2 hours on-demand video
https://www.udemy.com/course/2-hour-digital-marketing-masterclass/,Digital Marketing Masterclass in 2 Hours,4.3,2 hours on-demand video
https://www.udemy.com/course/social-report-tutorial/,Social Media Management Platform: Social Report Tutorial,4.2,1.5 hours on-demand video
https://www.udemy.com/course/technical-seo-course/,SEO 2017: Introduction to Technical SEO for SEO Beginners,4.4,
https://www.udemy.com/course/amazon-ppc-playbook/,Amazon PPC Playbook: Success Made Easy,4.5,5 hours on-demand video
https://www.udemy.com/course/guest-blogging-success/,Guest Blogging Your Way To Ultimate Visibility And Traffic,4.3,
https://www.udemy.com/course/salesman-basics-and-tips/,Starting in Sales,4.4,
https://www.udemy.com/course/seo-introduction-from-an-ex-googler/,SEO Introduction from an ex-Googler,4.2,
https://www.udemy.com/course/affiliate-marketing-for-beginners-full-tutorial/,Passive Income: Affiliate Marketing [WordPress Website],4.5,
https://www.udemy.com/course/google-analytics-training/,Google Analytics Training: Using GA for Actionable Insights,4.4,1.5 hours on-demand video
https://www.udemy.com/course/how-to-write-the-ultimate-1-page-marketing-plan/,How to Write The Ultimate 1 Page Marketing Plan,4.3,
https://www.udemy.com/course/create-faceless-youtube-videos-using-free-ai-tools-only/,Create Faceless YouTube Videos Using Free AI Tools Only,3.9,
https://www.udemy.com/course/how-to-setup-a-private-blog-network/,How To Setup Your First Private Blog Network,4.3,
https://www.udemy.com/course/seo-tutorial/,SEO Tutorial for Beginners,4.4,
https://www.udemy.com/course/convertkit-landing-page-tutorial/,ConvertKit 101: Lead Magnets and Landing Pages,4.4,
https://www.udemy.com/course/setup-google-my-business-page-in-2016/,Learn How To Optimize Your Google My Business Page In 2018,4.2,
https://www.udemy.com/course/essential-seo-training-for-online-marketing/,Essential SEO Training For Online Marketing,4.3,3 hours on-demand video
https://www.udemy.com/course/looker-studio-essentials-course/,Looker Studio Essentials Beginner Course /Google Data Studio,4.6,2 hours on-demand video
https://www.udemy.com/course/grow-your-brand-with-tik-tok-in-2020/,Grow Your Brand with Tik Tok in 2020,4.5,
https://www.udemy.com/course/the-complete-instagram-marketing-course-for-beginners-2018/,The Complete Instagram Marketing Course for Beginners 2018,4,3.5 hours on-demand video
https://www.udemy.com/course/online-digital-social-media-marketing-sales-for-beginners/,Online Digital Social Media Marketing & Sales Free Training,4.5,2 hours on-demand video
https://www.udemy.com/course/marketing-on-youtube/,Marketing on YouTube,4.1,
https://www.udemy.com/course/microsoft-excel-excel-for-beginners/,Microsoft Excel + Data Analysis: Beginner to Advanced 2026,5,2 hours on-demand video
https://www.udemy.com/course/beginner-tutorial-on-solo-ads-for-online-business-owners/,Beginner Tutorial on Solo Ads,4.3,4.5 hours on-demand video
https://www.udemy.com/course/meta-lead-generation-ads/,Complete Introduction into Facebook Lead Generation Ads 2025,4.5,2 hours on-demand video
https://www.udemy.com/course/google-analytics-basics-for-beginners-free/,Google Analytics Basics For Beginners Free -2018,4.1,
https://www.udemy.com/course/easy-video-creation-for-marketers-and-businesses/,Easy Video Creation For Marketers and Businesses,4.5,
https://www.udemy.com/course/leadsmarket-affiliate-certification-program/,LeadsMarket Affiliate Certification Program,4.6,
https://www.udemy.com/course/digital-marketing-guide/,The Complete Digital Marketing Guide - 27 Courses in 1,4.5,79 hours on-demand video
https://www.udemy.com/course/google-ads-zero-to-hero/,Google Ads Zero To Hero,4.5,
https://www.udemy.com/course/instagram-marketing-3-tip-get-real-instagram-followers-course-learn/,2020 Complete Instagram Marketing Masterclass: Become a Pro,4.5,1.5 hours on-demand video
https://www.udemy.com/course/seo-learn-seo-with-semrush-free-trial-code-included/,SEO - Learn SEO with SEMrush (free trial code included),4.3,
https://www.udemy.com/course/chatfuel-complete-guide-messenger-bots/,Chatfuel: The Complete Guide to Messenger Bots for Business,4.7,3.5 hours on-demand video
